{"hashes":{"000ac7dc9366969db9d1e41810a3a27c747a7623535d856eecc2de86cfed80c7":{"appid":"eeobbhfgfagbclfofmgbdfoicabjdbkn","fp":""},"68f081c49007522ff83daeee4add34836f1ec4f3b187f4f7419665f08525e588":{"appid":"jbfaflocpnkhbgcijpkiafdpbjkedane","fp":""},"89f43cb3df807293de2772d5f01ac2fc1482b38ccc8fdaee859b80642b7a0487":{"appid":"pghocgajpebopihickglahgebcmkcekh","fp":""},"95fd9d48e4fc245a3f3a99a3a16ecd1355050ba3f4afc555f19a97c7f9b49677":{"appid":"ohckeflnhegojcjlcpbfpciadgikcohk","fp":""},"fa29a6d5775ff340900a65b39b02fc8b4b77d403c048d8debf22f2f5d09c61a0":{"appid":"oankkpibpaokgecfckkdkgaoafllipag","fp":""},"fbb2c0f4fad3b34b3ac7116d98f83638cf6f55a47992026a7abf944a759aa0ea":{"appid":"fgbafbciocncjfbbonhocjaohoknlaco","fp":""}}}